[
	{
		"anonymous": false,
		"inputs": [
			{
				"indexed": false,
				"internalType": "string",
				"name": "eventOutput1",
				"type": "string"
			},
			{
				"indexed": false,
				"internalType": "string",
				"name": "eventOutput2",
				"type": "string"
			},
			{
				"indexed": false,
				"internalType": "string",
				"name": "eventOutput3",
				"type": "string"
			},
			{
				"indexed": false,
				"internalType": "string",
				"name": "eventOutput4",
				"type": "string"
			}
		],
		"name": "myEventTest",
		"type": "event"
	},
	{
		"inputs": [
			{
				"internalType": "string",
				"name": "manu",
				"type": "string"
			},
			{
				"internalType": "string",
				"name": "supp",
				"type": "string"
			},
			{
				"internalType": "string",
				"name": "transport",
				"type": "string"
			},
			{
				"internalType": "string",
				"name": "retailer",
				"type": "string"
			}
		],
		"name": "set",
		"outputs": [],
		"stateMutability": "nonpayable",
		"type": "function"
	},
	{
		"inputs": [],
		"name": "get",
		"outputs": [
			{
				"internalType": "string",
				"name": "",
				"type": "string"
			},
			{
				"internalType": "string",
				"name": "",
				"type": "string"
			},
			{
				"internalType": "string",
				"name": "",
				"type": "string"
			},
			{
				"internalType": "string",
				"name": "",
				"type": "string"
			}
		],
		"stateMutability": "view",
		"type": "function"
	},
	{
		"inputs": [],
		"name": "manufacturerName",
		"outputs": [
			{
				"internalType": "string",
				"name": "",
				"type": "string"
			}
		],
		"stateMutability": "view",
		"type": "function"
	},
	{
		"inputs": [],
		"name": "retailerName",
		"outputs": [
			{
				"internalType": "string",
				"name": "",
				"type": "string"
			}
		],
		"stateMutability": "view",
		"type": "function"
	},
	{
		"inputs": [],
		"name": "supplierName",
		"outputs": [
			{
				"internalType": "string",
				"name": "",
				"type": "string"
			}
		],
		"stateMutability": "view",
		"type": "function"
	},
	{
		"inputs": [],
		"name": "transporterName",
		"outputs": [
			{
				"internalType": "string",
				"name": "",
				"type": "string"
			}
		],
		"stateMutability": "view",
		"type": "function"
	}
]